"userNum";"userName";"telNum";"add1";"add2";"penaDay";"penaUpdateDay"
"10000007";"杢代";"08079853246";"東京都葛飾区東立石";"さらば青春の光";0;"2023-09-01"
"10000008";"あ";"0000000000";"東京都大田区大森西";"あ";0;""
"10000014";"aaaaaaa";"00000000000";"東京都大田区大森西";"あｄｆｊｌｓｄｋ";0;""
"10000016";"スタンリー キューブリック";"08039853849";"東京都北区田端新町";"時計仕掛けのオレンジ";0;"2023-08-28"
"10013307";"青木花江";"0000000000";"埼玉県さいたま市南区別所";"９－１９－２";0;"2023-08-24"
"10013356";"中西光子";"07089863115";"新潟県長岡市宝";"07089863115";0;"2023-08-24"
"10018040";"北島昌樹";"07019582067";"愛知県名古屋市中川区吉津";"3-2-602";9;"2022-07-17"
"10019644";"西川桃";"05036403668";"東京都台東区根岸";"3-2-22";2;"2022-01-08"
"10020734";"北村萌";"05099842669";"新潟県長岡市中島";"3-4-3";10;"2022-03-21"
"10023158";"森口由美子";"05067580650";"北海道札幌市厚別区厚別中央二条";"4-3-9";8;"2022-08-13"
"10025695";"安田広樹";"05050492576";"東京都杉並区高井戸東";"1-3-20";1;"2022-12-08"
"10030259";"秋山佑也";"05092579132";"東京都文京区小日向";"2-2-3シティライフ201";2;"2022-05-03"
"10030920";"中野和也";"08060997252";"東京都新宿区高田馬場";"1-2-22";0;"2022-06-20"
"10033068";"岩本智子";"05014780397";"東京都千代田区麹町";"2-1-6";11;"2022-08-08"
"10036508";"黒田康次";"07051103128";"宮城県仙台市宮城野区新田";"1-2-15";3;"2023-02-21"
"10039660";"米澤太一";"08028363312";"愛媛県松山市湊町";"1-2-8";11;"2022-10-13"
"10048126";"田中隆史";"09090380111";"東京都豊島区東池袋";"1-4-20";0;"2022-03-27"
"10060513";"佐野安奈";"05093751126";"鹿児島県鹿児島市坂之上";"2-2-3";14;"2023-02-01"
"10077227";"岩渕悠希";"05060063920";"千葉県柏市酒井根";"1-1-1007";13;"2022-02-18"
"10078121";"宮島泰樹";"09042926724";"神奈川県横浜市南区六ツ川";"3-3-8";10;"2023-04-21"
"10081785";"齊藤光史";"05025803689";"東京都中野区東中野";"3-2-4";12;"2022-03-18"
"10084667";"田中登志男";"09065746264";"東京都北区志茂";"4-3-6";4;"2023-04-13"
"10097951";"中村詩織";"08050635045";"大阪府寝屋川市三井が丘";"3-4-18エーベル414";15;"2022-03-05"
"10098649";"柳沢清美";"05001754998";"北海道上川郡美瑛町本町";"1-3-6";6;"2022-06-13"
